<?xml version="1.0" encoding="UTF-8" standalone="yes"?>
<OfficeApp xmlns="http://schemas.microsoft.com/office/appforoffice/1.1" xmlns:xsi="http://www.w3.org/2001/XMLSchema-instance" xmlns:bt="http://schemas.microsoft.com/office/officeappbasictypes/1.0" xmlns:mailappor="http://schemas.microsoft.com/office/mailappversionoverrides/1.0" xsi:type="MailApp">
  <Id>8e5ef186-68ad-4e6e-8e04-eb89406e2f0e</Id>
  <Version>1.0.0.0</Version>
  <ProviderName>Contoso</ProviderName>
  <DefaultLocale>en-US</DefaultLocale>
  <DisplayName DefaultValue="outlook add-in"/>
  <Description DefaultValue="A template to get started."/>
  <IconUrl DefaultValue="https://localhost:3000/assets/icon-64.png"/>
  <HighResolutionIconUrl DefaultValue="https://localhost:3000/assets/icon-128.png"/>
  <SupportUrl DefaultValue="https://www.contoso.com/help"/>
  <AppDomains>
    <AppDomain>https://login.microsoftonline.com</AppDomain>
  </AppDomains>
  <Hosts>
    <Host Name="Mailbox"/>
  </Hosts>
  <Requirements>
    <Sets>
      <Set Name="Mailbox" MinVersion="1.1"/>
    </Sets>
  </Requirements>
  <FormSettings>
    <Form xsi:type="ItemRead">
      <DesktopSettings>
        <SourceLocation DefaultValue="https://localhost:3000/taskpane.html"/>
        <RequestedHeight>250</RequestedHeight>
      </DesktopSettings>
    </Form>
  </FormSettings>
  <Permissions>ReadWriteItem</Permissions>
  <Rule xsi:type="RuleCollection" Mode="Or">
    <Rule xsi:type="ItemIs" ItemType="Message" FormType="Read"/>
  </Rule>
  <VersionOverrides xmlns="http://schemas.microsoft.com/office/mailappversionoverrides" xsi:type="VersionOverridesV1_0">
    <VersionOverrides xmlns="http://schemas.microsoft.com/office/mailappversionoverrides/1.1" xsi:type="VersionOverridesV1_1">
      <Requirements>
        <bt:Sets DefaultMinVersion="1.3">
          <bt:Set Name="Mailbox"/>
        </bt:Sets>
      </Requirements>
      <Hosts>
        <Host xsi:type="MailHost">
          <DesktopFormFactor>
            <FunctionFile resid="Commands.Url"/>
            <ExtensionPoint xsi:type="MessageReadCommandSurface">
              <OfficeTab id="TabDefault">
                <Group id="msgComposeGroup">
                  <Label resid="GroupLabel"/>
                  <Control xsi:type="Button" id="msgComposeOpenPaneButton">
                    <Label resid="TaskpaneButton.Label"/>
                    <Supertip>
                      <Title resid="TaskpaneButton.Label"/>
                      <Description resid="TaskpaneButton.Tooltip"/>
                    </Supertip>
                    <Icon>
                      <bt:Image size="16" resid="Icon.16x16"/>
                      <bt:Image size="32" resid="Icon.32x32"/>
                      <bt:Image size="80" resid="Icon.80x80"/>
                    </Icon>
                    <Action xsi:type="ShowTaskpane">
                      <SourceLocation resid="Taskpane.Url"/>
                    </Action>
                  </Control>
                </Group>
              </OfficeTab>
            </ExtensionPoint>
          </DesktopFormFactor>
        </Host>
      </Hosts>
      <Resources>
        <bt:Images>
          <bt:Image id="Icon.16x16" DefaultValue="https://localhost:3000/assets/icon-16.png"/>
          <bt:Image id="Icon.32x32" DefaultValue="https://localhost:3000/assets/icon-32.png"/>
          <bt:Image id="Icon.80x80" DefaultValue="https://localhost:3000/assets/icon-80.png"/>
        </bt:Images>
        <bt:Urls>
          <bt:Url id="Commands.Url" DefaultValue="https://localhost:3000/commands.html"/>
          <bt:Url id="Taskpane.Url" DefaultValue="https://localhost:3000/taskpane.html"/>
        </bt:Urls>
        <bt:ShortStrings>
          <bt:String id="GroupLabel" DefaultValue="Attachment Sorter Outlook add-in"/>
          <bt:String id="TaskpaneButton.Label" DefaultValue="Show Attachment Sorter"/>
          <bt:String id="ActionButton.Label" DefaultValue="Click Me"/>
        </bt:ShortStrings>
        <bt:LongStrings>
          <bt:String id="TaskpaneButton.Tooltip" DefaultValue="Opens a pane that enables users to Sort Email attachments"/>
          <bt:String id="ActionButton.Tooltip" DefaultValue="clicked."/>
        </bt:LongStrings>
      </Resources>
    </VersionOverrides>
  </VersionOverrides>
</OfficeApp>